 ,username,name,,Link,Round 1,,Completed %,Pass %,Total Passed Round 1,Total Failed,Total Accounts,,Free Search Accounts
816000,stephylocacal,StepHunnie,https://scontent-lga3-2.cdninstagram.com/v/t51.2885-19/329030655_205432218681931_4473496206546066204_n.jpg?stp=dst-jpg_s150x150&_nc_ht=scontent-lga3-2.cdninstagram.com&_nc_cat=107&_nc_ohc=ulsLrf1QvuoAX9zuNmq&edm=ANg5bX4BAAAA&ccb=7-5&oh=00_AfCdhGO6mPAa-5nS1NB3WnPOYgTWU_KK3Vay3bmF6XSN4A&oe=65798DC7&_nc_sid=0055be,https://www.instagram.com/stephylocacal,0,,22.71%,14.92%,162,924,4781,,https://www.instagram.com/linguisticsofmedicine/
7977875,sciencemuseum,Science Museum,https://scontent-lga3-1.cdninstagram.com/v/t51.2885-19/104438766_2649680445272696_3440526068646296321_n.jpg?stp=dst-jpg_s150x150&_nc_ht=scontent-lga3-1.cdninstagram.com&_nc_cat=108&_nc_ohc=7rttQfynfi8AX-YfN0U&edm=ANg5bX4BAAAA&ccb=7-5&oh=00_AfBGAuNlfvZq02-s_cO92nHiZEdUs_F339u7kh0yRcdCNg&oe=656DA44D&_nc_sid=0055be,https://www.instagram.com/sciencemuseum,0,,,16.76%,24,,,,https://www.instagram.com/thecleverlycreatives/
18199547,justbu4teens,Just BU 4 Teens- Just Be YOU,https://scontent-lga3-2.cdninstagram.com/v/t51.2885-19/105993854_878403672568169_896194961028006980_n.jpg?stp=dst-jpg_s150x150&_nc_ht=scontent-lga3-2.cdninstagram.com&_nc_cat=105&_nc_ohc=3RtAO9t3x98AX8Gqxde&edm=ANg5bX4BAAAA&ccb=7-5&oh=00_AfD0DNJXegO40FB4Q5PsIqEpUcOPWo_VAjH008CFE15h1A&oe=656ECE59&_nc_sid=0055be,https://www.instagram.com/justbu4teens,0,,,,,,,,https://www.instagram.com/youforhumanity/
18253388,businesswoman,Business Woman ‚Ñ¢,https://scontent-lga3-1.cdninstagram.com/v/t51.2885-19/75200993_1010527729327130_8175095516334391296_n.jpg?stp=dst-jpg_s150x150&_nc_ht=scontent-lga3-1.cdninstagram.com&_nc_cat=102&_nc_ohc=RGv34aYZO-sAX_GEKKC&edm=ANg5bX4BAAAA&ccb=7-5&oh=00_AfBYP6mNg1JOMQ2N20mgumeTJ47IM1GA36Ehigr1VpQphA&oe=656E9E8B&_nc_sid=0055be,https://www.instagram.com/businesswoman,0,,,,,,,,https://www.instagram.com/staticehealth/
24917552,brightonuptheworld,Brighton Casey ü¶ã,https://scontent-lga3-2.cdninstagram.com/v/t51.2885-19/394539262_654559913327004_7076167185577823788_n.jpg?stp=dst-jpg_s150x150&_nc_ht=scontent-lga3-2.cdninstagram.com&_nc_cat=100&_nc_ohc=1tAgmrmscFAAX_P2bA-&edm=ANg5bX4BAAAA&ccb=7-5&oh=00_AfAfE_jP9lqf6EJyGfte9aBCUrjlFZ7g5CwS8NBMVMhX1w&oe=6578B7D5&_nc_sid=0055be,https://www.instagram.com/brightonuptheworld,0,,,,,,,,https://www.instagram.com/light.upproject/
25517732,hopeforjusticeintl,Hope for Justice,https://scontent-lga3-1.cdninstagram.com/v/t51.2885-19/219222325_1023971218418370_6881632521266423541_n.jpg?stp=dst-jpg_s150x150&_nc_ht=scontent-lga3-1.cdninstagram.com&_nc_cat=106&_nc_ohc=ACMsCs2b0O0AX_ZoaEA&edm=ANg5bX4BAAAA&ccb=7-5&oh=00_AfCpzH4uGFE-CpDDQ-NvXX1U4R5fifHF238YH77CR3yyEg&oe=656DA1DA&_nc_sid=0055be,https://www.instagram.com/hopeforjusticeintl,0,,,,,,,,https://www.instagram.com/irvine_outreach/
36407544,sciencechannel,Science Channel,https://scontent-lga3-1.cdninstagram.com/v/t51.2885-19/362698862_2650836495065559_6246618667456289512_n.jpg?stp=dst-jpg_s150x150&_nc_ht=scontent-lga3-1.cdninstagram.com&_nc_cat=103&_nc_ohc=JQY1Q3Eq6BAAX_DLw7A&edm=ANg5bX4BAAAA&ccb=7-5&oh=00_AfCJUZxZbKhBQm9ZqlxDB0eNzM4DJXZIbpimsDbTbZpqhg&oe=656D9375&_nc_sid=0055be,https://www.instagram.com/sciencechannel,0,,,,,,,,https://www.instagram.com/global_science_medicine/
39237859,breathe_with_georgie,Georgie Lawlor,https://scontent-lga3-2.cdninstagram.com/v/t51.2885-19/289164844_347230920861669_2336008198422251312_n.jpg?stp=dst-jpg_s150x150&_nc_ht=scontent-lga3-2.cdninstagram.com&_nc_cat=109&_nc_ohc=mc5dP7_5_SsAX_mKIAB&edm=ANg5bX4BAAAA&ccb=7-5&oh=00_AfAerj6uQmzDTzpB-AchqZPyj45hFEO9YXIjOxt45jVQJQ&oe=6578C126&_nc_sid=0055be,https://www.instagram.com/breathe_with_georgie,0,,,,,,,,https://www.instagram.com/jump.ontheclouds/
44032195,thedanicervantes,Dani,https://scontent-lga3-1.cdninstagram.com/v/t51.2885-19/393271444_338780231948454_1330769954998176797_n.jpg?stp=dst-jpg_s150x150&_nc_ht=scontent-lga3-1.cdninstagram.com&_nc_cat=106&_nc_ohc=LabVlhhe-esAX8SvpLd&edm=ANg5bX4BAAAA&ccb=7-5&oh=00_AfBvF_dXB-jnU46LbSBTWlGZcEVdjsvbhV5miA7ZrUr5OA&oe=6578A8FC&_nc_sid=0055be,https://www.instagram.com/thedanicervantes,0,,,,,,,,https://www.instagram.com/forms.of.knowledge/
176871134,projectrepatusa,Project Repat | T-Shirt Quilts,https://scontent-lga3-2.cdninstagram.com/v/t51.2885-19/17934557_1059857410825540_561704606179000320_a.jpg?stp=dst-jpg_s150x150&_nc_ht=scontent-lga3-2.cdninstagram.com&_nc_cat=104&_nc_ohc=mXaDJdayl9QAX_oGyeb&edm=ANg5bX4BAAAA&ccb=7-5&oh=00_AfCpSmdWNNtyJTdDSF2zfCfpCWhebd7-SK_7BvqS2jLplA&oe=656E576B&_nc_sid=0055be,https://www.instagram.com/projectrepatusa,0,,,,,,,,https://www.instagram.com/project_wellnessharbour/
182442597,azscience,Arizona Science Center,https://scontent-lga3-1.cdninstagram.com/v/t51.2885-19/186355706_800193547589571_6595656482261297849_n.jpg?stp=dst-jpg_s150x150&_nc_ht=scontent-lga3-1.cdninstagram.com&_nc_cat=103&_nc_ohc=Mhnsj2K2hpQAX-DYLy9&edm=ANg5bX4BAAAA&ccb=7-5&oh=00_AfD8utSrrxNds__m2mxk0XzZKaYE_NE1OzjfXUevqJ78_A&oe=656D6476&_nc_sid=0055be,https://www.instagram.com/azscience,0,,,,,,,,https://www.instagram.com/projectcompass.official/
184865421,careerprepins,"Medical Courses in Cna,Pct, Phlebotomy, Ekg,CPR",https://scontent-lga3-2.cdninstagram.com/v/t51.2885-19/372666303_332846652521083_6208436649528795328_n.jpg?stp=dst-jpg_s150x150&_nc_ht=scontent-lga3-2.cdninstagram.com&_nc_cat=107&_nc_ohc=1HAbDxHKndoAX926m-r&edm=ANg5bX4BAAAA&ccb=7-5&oh=00_AfCenxI2q52h-vc1k5EhHVMQsXlNIrApUCAPee8HrnCdvg&oe=656DFC17&_nc_sid=0055be,https://www.instagram.com/careerprepins,0,,,,,,,,https://www.instagram.com/thescholarschronicle/
185071069,habitatforhumanity,Habitat for Humanity,https://scontent-lga3-1.cdninstagram.com/v/t51.2885-19/11372022_237842686556630_1617092891_a.jpg?_nc_ht=scontent-lga3-1.cdninstagram.com&_nc_cat=102&_nc_ohc=ua-A3H7k4tIAX-HcklQ&edm=ANg5bX4BAAAA&ccb=7-5&oh=00_AfDlDANEdfuks_iqCgS4a4vnamKWfJo8vLEj45zFjmqRQA&oe=657940F8&_nc_sid=0055be,https://www.instagram.com/habitatforhumanity,1,,,,,,,,https://www.instagram.com/projectyouthfinlit
187173772,american_heart,American Heart Association,https://scontent-lga3-2.cdninstagram.com/v/t51.2885-19/37755395_267565364028622_7645027269890539520_n.jpg?stp=dst-jpg_s150x150&_nc_ht=scontent-lga3-2.cdninstagram.com&_nc_cat=1&_nc_ohc=OARBN7brX2UAX8xuwEn&edm=ANg5bX4BAAAA&ccb=7-5&oh=00_AfDZsH8ec1MPZNVx5mHBtcnf6Zsu-UcaP7AvHJuFut0YxA&oe=656DFCCE&_nc_sid=0055be,https://www.instagram.com/american_heart,0,,,,,,,,https://www.instagram.com/neuroplexfoundation
188167325,nationaltrust,nationaltrust,https://scontent-lga3-1.cdninstagram.com/v/t51.2885-19/286280997_172372115166814_4896491029723101965_n.jpg?stp=dst-jpg_s150x150&_nc_ht=scontent-lga3-1.cdninstagram.com&_nc_cat=110&_nc_ohc=0SR6zfIRrmEAX-JodWI&edm=ANg5bX4BAAAA&ccb=7-5&oh=00_AfAPTOK91HCRifi_8MbP1diwW76nKUA2vUB4Hp7g_knl_A&oe=656E6A98&_nc_sid=0055be,https://www.instagram.com/nationaltrust,0,,,,,,,,https://www.instagram.com/trajectory.education/
189765263,inspiredbyscience,Science Lovers Welcome!,https://scontent-lga3-1.cdninstagram.com/v/t51.2885-19/13328961_284641315212994_1989639162_a.jpg?stp=dst-jpg_s150x150&_nc_ht=scontent-lga3-1.cdninstagram.com&_nc_cat=110&_nc_ohc=C6NNUaA9100AX-qYlZq&edm=ANg5bX4BAAAA&ccb=7-5&oh=00_AfDe2nKLmf7v5FiqCCPSt2hkmNKs3PQj4Vgie7F50j6wQA&oe=656EB943&_nc_sid=0055be,https://www.instagram.com/inspiredbyscience,0,,,,,,,,https://www.instagram.com/neuroscience_explore_/
190457113,silli_scientist,The_Disillusioned_Scientistüî¨,https://scontent-lga3-1.cdninstagram.com/v/t51.2885-19/314721648_647781270281314_1229762146746086734_n.jpg?stp=dst-jpg_s150x150&_nc_ht=scontent-lga3-1.cdninstagram.com&_nc_cat=110&_nc_ohc=7x3O60qQk0UAX-tmX4E&edm=ANg5bX4BAAAA&ccb=7-5&oh=00_AfCMvWhcauvTFFLd0UwqPDLEGPPsOgjHgfFfge1qR2Hmrw&oe=656DE7D1&_nc_sid=0055be,https://www.instagram.com/silli_scientist,0,,,,,,,,https://www.instagram.com/scholarstrust/
191051097,covenantwellness,Covenant Wellness,https://scontent-lga3-2.cdninstagram.com/v/t51.2885-19/134516100_433414197832761_8091158650294752611_n.jpg?stp=dst-jpg_s150x150&_nc_ht=scontent-lga3-2.cdninstagram.com&_nc_cat=109&_nc_ohc=cEW4l0f-ZfMAX9uDV1t&edm=ANg5bX4BAAAA&ccb=7-5&oh=00_AfBBs_3Ts3MkHTJnBK1nh51DI3gcuC_u9N2NvR9GGdLUZA&oe=657979FD&_nc_sid=0055be,https://www.instagram.com/covenantwellness,0,,,,,,,,https://www.instagram.com/legacymedsociety/
198218772,techcrunch,TechCrunch,https://scontent-lga3-1.cdninstagram.com/v/t51.2885-19/28153777_580479348986307_6612494707907887104_n.jpg?stp=dst-jpg_s150x150&_nc_ht=scontent-lga3-1.cdninstagram.com&_nc_cat=1&_nc_ohc=byYKzWdI03QAX_UnQI4&edm=ANg5bX4BAAAA&ccb=7-5&oh=00_AfBHRnTyP1499X-uMH-OEsqnv5i2L9nNv-aNBuwhGACQ0g&oe=656F4CC9&_nc_sid=0055be,https://www.instagram.com/techcrunch,0,,,,,,,,https://www.instagram.com/enlighten.youth/
205013133,popsci,Popular Science,https://scontent-lga3-1.cdninstagram.com/v/t51.2885-19/38285804_604239746657168_3838116542462033920_n.jpg?stp=dst-jpg_s150x150&_nc_ht=scontent-lga3-1.cdninstagram.com&_nc_cat=108&_nc_ohc=Ec7ZQGxvE3kAX8AFeGA&edm=ANg5bX4BAAAA&ccb=7-5&oh=00_AfBDhkx1WhJOtgnMJD9kifRP1WIEXPwBs61Eliy4bSQ45A&oe=656E4EDA&_nc_sid=0055be,https://www.instagram.com/popsci,0,,,,,,,,https://www.instagram.com/skincaresciences/
205947244,88caligirl,Crystal Silva,https://scontent-lga3-2.cdninstagram.com/v/t51.2885-19/145239936_172065624348767_1048171160265227708_n.jpg?stp=dst-jpg_s150x150&_nc_ht=scontent-lga3-2.cdninstagram.com&_nc_cat=111&_nc_ohc=x-j6_6eJT4cAX-o1nl9&edm=AOG-cTkBAAAA&ccb=7-5&oh=00_AfA_Dlx_2_iDXUl1-dQjUPFZu7H5KIdj1D9pVfo6fM_lxw&oe=656ED7C1&_nc_sid=17ea04,https://www.instagram.com/88caligirl,0,,,,,,,,https://www.instagram.com/give.aid/
209677670,the4albees,Jennifer Schrock Albee,https://scontent-lga3-1.cdninstagram.com/v/t51.2885-19/274951306_113608177923506_4856821060182831210_n.jpg?stp=dst-jpg_s150x150&_nc_ht=scontent-lga3-1.cdninstagram.com&_nc_cat=102&_nc_ohc=rF62fEfh0FMAX8ZR7eU&edm=ANg5bX4BAAAA&ccb=7-5&oh=00_AfCjb-YWO2urUB6ybJ0Q7CWoA5KwfR1gwOPpYDD-kDuQBg&oe=65799438&_nc_sid=0055be,https://www.instagram.com/the4albees,0,,,,,,,,https://www.instagram.com/__teenagershealth/
210819792,natural_history_museum,"Natural History Museum, London",https://scontent-lga3-1.cdninstagram.com/v/t51.2885-19/361956585_2614168652055831_4355969795615239249_n.jpg?stp=dst-jpg_s150x150&_nc_ht=scontent-lga3-1.cdninstagram.com&_nc_cat=103&_nc_ohc=qR2kyobtYisAX9xBeSM&edm=ANg5bX4BAAAA&ccb=7-5&oh=00_AfCd_joLHRxzxyWCfEMMChvyLLTr2K5Sbolg-b-aDcF2TA&oe=656E8277&_nc_sid=0055be,https://www.instagram.com/natural_history_museum,0,,,,,,,,https://www.instagram.com/brain2heartchi/
210936529,saefoundation,Southern Africa Embrace Fdn,https://scontent-lga3-2.cdninstagram.com/v/t51.2885-19/347507835_242207871734289_4226903456700562452_n.jpg?stp=dst-jpg_s150x150&_nc_ht=scontent-lga3-2.cdninstagram.com&_nc_cat=109&_nc_ohc=m2290r4Pz94AX_hLWHO&edm=ANg5bX4BAAAA&ccb=7-5&oh=00_AfAP85swJX73QQdsUkuikBjTRJCDnICIUiVIZpBjBlp3fQ&oe=65781412&_nc_sid=0055be,https://www.instagram.com/saefoundation,0,,,,,,,,https://www.instagram.com/cad4kidz/
218085277,healthontherocks,Casey Renee Rogers,https://scontent-lga3-2.cdninstagram.com/v/t51.2885-19/70845573_2384652238521281_5035666253377699840_n.jpg?stp=dst-jpg_s150x150&_nc_ht=scontent-lga3-2.cdninstagram.com&_nc_cat=105&_nc_ohc=FtZdaWGavUsAX941ZbO&edm=ANg5bX4BAAAA&ccb=7-5&oh=00_AfBbxaAXznvMBZteDnPb76GzlYpfxxxgA06WNWNZyvJ0lg&oe=6579362B&_nc_sid=0055be,https://www.instagram.com/healthontherocks,0,,,,,,,,
220821787,iaeaorg,IAEA,https://scontent-lga3-1.cdninstagram.com/v/t51.2885-19/279845677_4993122517403036_7275412863183656205_n.jpg?stp=dst-jpg_s150x150&_nc_ht=scontent-lga3-1.cdninstagram.com&_nc_cat=108&_nc_ohc=BbO5oPmyAIsAX8c9-el&edm=ANg5bX4BAAAA&ccb=7-5&oh=00_AfDD_dVFYiLoGPWv-A9kGJDbl9gnkot4BrgqSffzd45ULw&oe=656D68E7&_nc_sid=0055be,https://www.instagram.com/iaeaorg,0,,,,,,,,
226431436,asapscience,AsapSCIENCE,https://scontent-lga3-1.cdninstagram.com/v/t51.2885-19/70206997_552203505527896_2614028597991571456_n.jpg?stp=dst-jpg_s150x150&_nc_ht=scontent-lga3-1.cdninstagram.com&_nc_cat=1&_nc_ohc=9-J121FPemkAX9GQy3t&edm=ANg5bX4BAAAA&ccb=7-5&oh=00_AfAXx-ToF-i0P6j46EeiwjvoK6Xk3nbGoBN9VYtvNmgh-A&oe=656EF442&_nc_sid=0055be,https://www.instagram.com/asapscience,0,,,,,,,,
228031311,tanya_the_therapist,Tanya Chikuni,https://scontent-lga3-1.cdninstagram.com/v/t51.2885-19/408317786_746731710835542_6636531287172141070_n.jpg?stp=dst-jpg_s150x150&_nc_ht=scontent-lga3-1.cdninstagram.com&_nc_cat=106&_nc_ohc=tu6f69gnJowAX8EkHmp&edm=ANg5bX4BAAAA&ccb=7-5&oh=00_AfBVNnculghXq5zCa-2RFwGxQih9zzDFG1U9adkWffSOLQ&oe=65790CCB&_nc_sid=0055be,https://www.instagram.com/tanya_the_therapist,0,,,,,,,,
230194696,natgeoeducation,#GenGeo from Nat Geo Education,https://scontent-lga3-1.cdninstagram.com/v/t51.2885-19/38688951_228402744524223_8588006714324811776_n.jpg?stp=dst-jpg_s150x150&_nc_ht=scontent-lga3-1.cdninstagram.com&_nc_cat=103&_nc_ohc=7OPoiztxhrMAX-ju_yK&edm=ANg5bX4BAAAA&ccb=7-5&oh=00_AfBxvAnSISvKcVE2WzdDRnyMbKq1mvS9r7axeI2CcTredg&oe=656E117C&_nc_sid=0055be,https://www.instagram.com/natgeoeducation,0,,,,,,,,
231847349,globalschoolsprogram,Global Schools,https://scontent-lga3-2.cdninstagram.com/v/t51.2885-19/53804616_563330660828297_6979146277736939520_n.jpg?stp=dst-jpg_s150x150&_nc_ht=scontent-lga3-2.cdninstagram.com&_nc_cat=105&_nc_ohc=sbrwPUUKPi0AX8e2MvS&edm=ANg5bX4BAAAA&ccb=7-5&oh=00_AfBkwCoEoMz3J7f6pTGmzw3UHrZ_MdnbYqg9Vg2QVgkUXA&oe=656ECE0E&_nc_sid=0055be,https://www.instagram.com/globalschoolsprogram,0,,,,,,,,
234549170,thenaaee,NAAEE üéìüåé,https://scontent-lga3-2.cdninstagram.com/v/t51.2885-19/360085454_1014297433074400_1277048355412074499_n.jpg?stp=dst-jpg_s150x150&_nc_ht=scontent-lga3-2.cdninstagram.com&_nc_cat=104&_nc_ohc=op_9vEH22f4AX8SkR7L&edm=ANg5bX4BAAAA&ccb=7-5&oh=00_AfB9Ct7kYVqcY8WFmbDE-YJ9cUKR3ARz-0csl3Sxq5JEig&oe=656E5B71&_nc_sid=0055be,https://www.instagram.com/thenaaee,1,,,,,,,,
238791262,oneyoungworld,One Young World,https://scontent-lga3-1.cdninstagram.com/v/t51.2885-19/106382017_332640937735107_9115277999289978418_n.jpg?stp=dst-jpg_s150x150&_nc_ht=scontent-lga3-1.cdninstagram.com&_nc_cat=103&_nc_ohc=MvX_2WHdxqsAX-HZurs&edm=ANg5bX4BAAAA&ccb=7-5&oh=00_AfDnsrofi86YE3Edb09YZEY4YoUuaTisGmsyylfyxVZL6A&oe=656EDD42&_nc_sid=0055be,https://www.instagram.com/oneyoungworld,0,,,,,,,,
241028002,wireduk,WIRED magazine (UK edition),https://scontent-lga3-1.cdninstagram.com/v/t51.2885-19/12545499_1084167918289798_230538986_a.jpg?stp=dst-jpg_s150x150&_nc_ht=scontent-lga3-1.cdninstagram.com&_nc_cat=110&_nc_ohc=p65O50skaW8AX8XLm8k&edm=ANg5bX4BAAAA&ccb=7-5&oh=00_AfBT0SeqSHO53m8DAMj5pbz3X6p10SBOtVItZLRfznUVNA&oe=656E591B&_nc_sid=0055be,https://www.instagram.com/wireduk,0,,,,,,,,
245742757,worldoceanday,World Ocean Day,https://scontent-lga3-2.cdninstagram.com/v/t51.2885-19/94837887_2863986437011077_2335515568167190528_n.jpg?stp=dst-jpg_s150x150&_nc_ht=scontent-lga3-2.cdninstagram.com&_nc_cat=109&_nc_ohc=bd2xsVDxdBoAX_CPUO-&edm=ANg5bX4BAAAA&ccb=7-5&oh=00_AfCs1DtaOcEQ8zWztRXAYavZhW5colN3m60mv_oa5CRJlw&oe=656DC1C4&_nc_sid=0055be,https://www.instagram.com/worldoceanday,0,,,,,,,,
253443076,whitleydanceco,Alexander Whitley Dance Co.,https://scontent-lga3-2.cdninstagram.com/v/t51.2885-19/380330499_834784938047659_9089135320289587087_n.jpg?stp=dst-jpg_s150x150&_nc_ht=scontent-lga3-2.cdninstagram.com&_nc_cat=107&_nc_ohc=HKXhpHprXFQAX_fHYIM&edm=ANg5bX4BAAAA&ccb=7-5&oh=00_AfB_nkTrucxsvK8JRcvTVKSSXMmuQ0yNQvLpgTeiLxexew&oe=656EFA57&_nc_sid=0055be,https://www.instagram.com/whitleydanceco,0,,,,,,,,
253535924,theiet,The IET,https://scontent-lga3-1.cdninstagram.com/v/t51.2885-19/357304105_840322577425467_2200372092565996889_n.jpg?stp=dst-jpg_s150x150&_nc_ht=scontent-lga3-1.cdninstagram.com&_nc_cat=103&_nc_ohc=IGgOsb_MYYkAX8nEUaS&edm=ANg5bX4BAAAA&ccb=7-5&oh=00_AfCqJQKWqCuIdtrRpkDkKKSXXmDh3Tu3fUhUmKMsH-2QmA&oe=656E506B&_nc_sid=0055be,https://www.instagram.com/theiet,1,,,,,,,,
255495939,globalcitizenyr,Global Citizen Year,https://scontent-lga3-2.cdninstagram.com/v/t51.2885-19/125348295_2469046420064760_8118357248242605527_n.jpg?stp=dst-jpg_s150x150&_nc_ht=scontent-lga3-2.cdninstagram.com&_nc_cat=100&_nc_ohc=TQqJVGySlqgAX9o45XF&edm=ANg5bX4BAAAA&ccb=7-5&oh=00_AfCTtS3NuMTkotBxj6WUqe_fIyo8YlH4c14ns7H2CAIQ9w&oe=656F537B&_nc_sid=0055be,https://www.instagram.com/globalcitizenyr,0,,,,,,,,
260531034,girlup,Girl Up,https://scontent-lga3-2.cdninstagram.com/v/t51.2885-19/305512364_1029931167671248_3753362733068581663_n.jpg?stp=dst-jpg_s150x150&_nc_ht=scontent-lga3-2.cdninstagram.com&_nc_cat=104&_nc_ohc=EL6OUNr2UjAAX9dcrnc&edm=ANg5bX4BAAAA&ccb=7-5&oh=00_AfChtEgYiIg6Ak_HCPrAvqdKI5fRI8DggcrEinNpuvMKKA&oe=656D676D&_nc_sid=0055be,https://www.instagram.com/girlup,1,,,,,,,,
260826061,nobelprize_org,Nobel Prize,https://scontent-lga3-2.cdninstagram.com/v/t51.2885-19/38492496_2363546560324003_7104072591316353024_n.jpg?stp=dst-jpg_s150x150&_nc_ht=scontent-lga3-2.cdninstagram.com&_nc_cat=107&_nc_ohc=E1_PJJ7r5IYAX_-5QoZ&edm=ANg5bX4BAAAA&ccb=7-5&oh=00_AfCUVRJ5vzjGlUe6rJwLBD-y5Auo9oCn-Zc4jR35T3c6pg&oe=656F1CCE&_nc_sid=0055be,https://www.instagram.com/nobelprize_org,0,,,,,,,,
261241508,thinkglobalschool,THINK Global School,https://scontent-lga3-2.cdninstagram.com/v/t51.2885-19/11875286_1171529056197323_543788871_a.jpg?stp=dst-jpg_s150x150&_nc_ht=scontent-lga3-2.cdninstagram.com&_nc_cat=111&_nc_ohc=AxxCfbiF9tgAX-iDmUG&edm=ANg5bX4BAAAA&ccb=7-5&oh=00_AfAaTTZTdPZwTqyJZdfJeUWf1x6d8_JEO2hgwpfG1RqtwQ&oe=656DEEF0&_nc_sid=0055be,https://www.instagram.com/thinkglobalschool,1,,,,,,,,
265131019,projectheal,Project HEAL,https://scontent-lga3-2.cdninstagram.com/v/t51.2885-19/120540770_332908451334436_7965538859465625321_n.jpg?stp=dst-jpg_s150x150&_nc_ht=scontent-lga3-2.cdninstagram.com&_nc_cat=104&_nc_ohc=k1vCRg13k6IAX_lDCqR&edm=ANg5bX4BAAAA&ccb=7-5&oh=00_AfCmLmTYBCZdBxkYK3UH0J5F-pBE7rm2MDTnfJ3ANyz84A&oe=656E0DF8&_nc_sid=0055be,https://www.instagram.com/projectheal,0,,,,,,,,
273321321,kelly_thellover0_0,ùêäùêûùê•ùê•ùê≤ ùêìùê¨ùêû,https://scontent-lga3-1.cdninstagram.com/v/t51.2885-19/342394269_137623745832278_459568425928078699_n.jpg?stp=dst-jpg_s150x150&_nc_ht=scontent-lga3-1.cdninstagram.com&_nc_cat=102&_nc_ohc=jPKoBG93QhYAX-aTXoP&edm=ANg5bX4BAAAA&ccb=7-5&oh=00_AfA4TXO7zMBemJccxGm4Gvhyq8dhMag2KCW7-a3urNCdtQ&oe=6578567F&_nc_sid=0055be,https://www.instagram.com/kelly_thellover0_0,0,,,,,,,,
279309487,theinfraredrum,Dr Sophie,https://scontent-lga3-1.cdninstagram.com/v/t51.2885-19/369292464_704639721476826_4232262369269403929_n.jpg?stp=dst-jpg_s150x150&_nc_ht=scontent-lga3-1.cdninstagram.com&_nc_cat=106&_nc_ohc=b5vxoITZ-EMAX-k--n5&edm=ANg5bX4BAAAA&ccb=7-5&oh=00_AfCHA0cnHVizZaO3CUSsOdWqpeDzC5zm8JULB9eMaVJjcg&oe=656DAB59&_nc_sid=0055be,https://www.instagram.com/theinfraredrum,0,,,,,,,,
288580156,sciencepost,The Science Post,https://scontent-lga3-2.cdninstagram.com/v/t51.2885-19/11375768_1682111135353139_59408799_a.jpg?_nc_ht=scontent-lga3-2.cdninstagram.com&_nc_cat=111&_nc_ohc=e0hwK2zaZgcAX98B1m4&edm=ANg5bX4BAAAA&ccb=7-5&oh=00_AfAA6skVtyVlcPSZbQl9ydsQI5NUuVeuofsmZlJqNab9nA&oe=656F245E&_nc_sid=0055be,https://www.instagram.com/sciencepost,0,,,,,,,,
289274636,socialhealthnetwork,Social Health Network,https://scontent-lga3-1.cdninstagram.com/v/t51.2885-19/403095893_1329117861075678_5281432388336913963_n.jpg?stp=dst-jpg_s150x150&_nc_ht=scontent-lga3-1.cdninstagram.com&_nc_cat=106&_nc_ohc=p1QgUWJI5-gAX-IcR3M&edm=ANg5bX4BAAAA&ccb=7-5&oh=00_AfAR30BLdWsF-cEmjKmoYzxWtjMljlfVGNXkGp9vAZimBg&oe=6578C982&_nc_sid=0055be,https://www.instagram.com/socialhealthnetwork,0,,,,,,,,
292118532,womeninstemasu,Women in STEM @ASU,https://scontent-lga3-1.cdninstagram.com/v/t51.2885-19/11249662_1484821528496858_303922231_a.jpg?_nc_ht=scontent-lga3-1.cdninstagram.com&_nc_cat=102&_nc_ohc=kGSZRNXqjogAX_6h4w1&edm=ANg5bX4BAAAA&ccb=7-5&oh=00_AfCtRFW-HBRUr8jCWWWHkl3zW43J4OSfw4STSXRlOQDwLA&oe=656EAB9A&_nc_sid=0055be,https://www.instagram.com/womeninstemasu,0,,,,,,,,
295231503,eimearstephenson,EÃÅimear,https://scontent-lga3-1.cdninstagram.com/v/t51.2885-19/279513027_163468012935051_8602318410673347374_n.jpg?stp=dst-jpg_s150x150&_nc_ht=scontent-lga3-1.cdninstagram.com&_nc_cat=103&_nc_ohc=IJlVGXXnZW0AX_t47GO&edm=ANg5bX4BAAAA&ccb=7-5&oh=00_AfBcOmftTnnBKtkJ_CwfnYtt8klv1Yg7cqTZL6Q_kzEfIQ&oe=656DDB0A&_nc_sid=0055be,https://www.instagram.com/eimearstephenson,0,,,,,,,,
302961387,sciencemagazine,Science Magazine,https://scontent-lga3-1.cdninstagram.com/v/t51.2885-19/53641616_359505717982614_4375930959992717312_n.jpg?stp=dst-jpg_s150x150&_nc_ht=scontent-lga3-1.cdninstagram.com&_nc_cat=106&_nc_ohc=2Ws3rhyh4RMAX9VCobJ&edm=ANg5bX4BAAAA&ccb=7-5&oh=00_AfAOHPDPMMRxC0RBOlaK6oxC4sEgEwc-hpBG5gk6W0DC-w&oe=656D95A4&_nc_sid=0055be,https://www.instagram.com/sciencemagazine,0,,,,,,,,
308306361,physicsfacts,physicsfacts,https://scontent-lga3-1.cdninstagram.com/v/t51.2885-19/10956817_462953973904844_780232020_a.jpg?stp=dst-jpg_s150x150&_nc_ht=scontent-lga3-1.cdninstagram.com&_nc_cat=108&_nc_ohc=ElBd6DsK7gEAX9yqGgC&edm=ANg5bX4BAAAA&ccb=7-5&oh=00_AfBH8vWCJUOXlN9ucm3RXB7hWvYiSPXbUeYIS2UAMUbOdQ&oe=656EE713&_nc_sid=0055be,https://www.instagram.com/physicsfacts,0,,,,,,,,
314397770,ahnfoundation,AHN Foundation,https://scontent-lga3-1.cdninstagram.com/v/t51.2885-19/257821178_430027992124526_2149558057576972810_n.jpg?stp=dst-jpg_s150x150&_nc_ht=scontent-lga3-1.cdninstagram.com&_nc_cat=102&_nc_ohc=Klpqol3mZ-IAX-HcdwG&edm=ANg5bX4BAAAA&ccb=7-5&oh=00_AfDKTb7FcmP3mqlJW4zQQlJbyFeEwQje4_ryY8acrc1YKg&oe=6578674A&_nc_sid=0055be,https://www.instagram.com/ahnfoundation,0,,,,,,,,
317574168,youngscot,Young Scot,https://scontent-lga3-2.cdninstagram.com/v/t51.2885-19/278426226_352547490010283_83553571086354551_n.jpg?stp=dst-jpg_s150x150&_nc_ht=scontent-lga3-2.cdninstagram.com&_nc_cat=111&_nc_ohc=NTHOQC812jAAX-G06TC&edm=ANg5bX4BAAAA&ccb=7-5&oh=00_AfC01zQonA8AED-E10-lQ0TbCo5YhyGj9jtsLt9EZjYU4Q&oe=656F2006&_nc_sid=0055be,https://www.instagram.com/youngscot,0,,,,,,,,
319357622,bocksworld,,https://scontent-lga3-2.cdninstagram.com/v/t51.2885-19/365831178_622251790031735_5436614201511359203_n.jpg?stp=dst-jpg_s150x150&_nc_ht=scontent-lga3-2.cdninstagram.com&_nc_cat=111&_nc_ohc=xDyOYyKpCzsAX9zS2lB&edm=ANg5bX4BAAAA&ccb=7-5&oh=00_AfBqtEoaUfVhjREAxqZTJ4bnzwR5MSAF70WTNOm6IO9E5w&oe=6577E344&_nc_sid=0055be,https://www.instagram.com/bocksworld,0,,,,,,,,
338203534,blackgirlscode,Black Girls Code,https://scontent-lga3-1.cdninstagram.com/v/t51.2885-19/391111039_825521196021224_9016826356651049045_n.jpg?stp=dst-jpg_s150x150&_nc_ht=scontent-lga3-1.cdninstagram.com&_nc_cat=108&_nc_ohc=TTmmxKpDF2EAX8jnBzd&edm=ANg5bX4BAAAA&ccb=7-5&oh=00_AfDHSfXNkChY1qnwj-YkQp2eljvMi8W2fc-k6MxtBALcVw&oe=656F56A8&_nc_sid=0055be,https://www.instagram.com/blackgirlscode,1,,,,,,,,
345684119,cambscifest,Cambridge Science Festival,https://scontent-lga3-2.cdninstagram.com/v/t51.2885-19/350608230_771462167850131_8410041320616456962_n.jpg?stp=dst-jpg_s150x150&_nc_ht=scontent-lga3-2.cdninstagram.com&_nc_cat=111&_nc_ohc=TWIahLE4NMkAX9s801r&edm=ANg5bX4BAAAA&ccb=7-5&oh=00_AfCATUwkmMxJc6OTRfUrLUiCcm0OWQFPBBGuvgKfbMh8VA&oe=656EDD5C&_nc_sid=0055be,https://www.instagram.com/cambscifest,0,,,,,,,,
363872315,unhabitatyouth,UN-Habitat Youth Programme,https://scontent-lga3-1.cdninstagram.com/v/t51.2885-19/351740803_1030573657930682_4608738598019465607_n.jpg?stp=dst-jpg_s150x150&_nc_ht=scontent-lga3-1.cdninstagram.com&_nc_cat=102&_nc_ohc=AZdvQeJGJpYAX94stNT&edm=ANg5bX4BAAAA&ccb=7-5&oh=00_AfAoj_aMZBjbWn6TXUe36T3uvhDffYHfRaH-TFTpuXQF9A&oe=656DE4A5&_nc_sid=0055be,https://www.instagram.com/unhabitatyouth,0,,,,,,,,
363954861,morganglodowski_,"Morgan | RN, IHP2, Breathwork Practitioner",https://scontent-lga3-2.cdninstagram.com/v/t51.2885-19/316176563_847216786479204_1715787405444934720_n.jpg?stp=dst-jpg_s150x150&_nc_ht=scontent-lga3-2.cdninstagram.com&_nc_cat=100&_nc_ohc=Mi6AXh5LqqYAX8501bi&edm=ANg5bX4BAAAA&ccb=7-5&oh=00_AfDZZBdJdqmccodWpaYw_z1OYXraJL48BoZB27FrS3fNqw&oe=65790447&_nc_sid=0055be,https://www.instagram.com/morganglodowski_,0,,,,,,,,
381493989,projectsunshine,Project Sunshine,https://scontent-lga3-2.cdninstagram.com/v/t51.2885-19/283782927_2281711442005435_245877483276246305_n.jpg?stp=dst-jpg_s150x150&_nc_ht=scontent-lga3-2.cdninstagram.com&_nc_cat=107&_nc_ohc=U6Er9h4k52MAX-ygvXP&edm=ANg5bX4BAAAA&ccb=7-5&oh=00_AfDkWpBZdJMa5BpptyUyCyYqY8tK-aEgakvjJn3zcCVdoA&oe=656EF0E0&_nc_sid=0055be,https://www.instagram.com/projectsunshine,1,,,,,,,,
400186813,fabricaresearchcentre,Fabrica,https://scontent-lga3-2.cdninstagram.com/v/t51.2885-19/55947321_721183818277624_6555399053352370176_n.jpg?stp=dst-jpg_s150x150&_nc_ht=scontent-lga3-2.cdninstagram.com&_nc_cat=104&_nc_ohc=6z5ljttC0l8AX83bg5r&edm=ANg5bX4BAAAA&ccb=7-5&oh=00_AfCuRtkSALOgvRBxR1s-kyIdCRSvzVEIqf13Na2WZH1eGQ&oe=656EFA3C&_nc_sid=0055be,https://www.instagram.com/fabricaresearchcentre,1,,,,,,,,
404184241,theaatproject,The AAT Project,https://scontent-lga3-2.cdninstagram.com/v/t51.2885-19/11856642_118181355194993_1149591144_a.jpg?_nc_ht=scontent-lga3-2.cdninstagram.com&_nc_cat=105&_nc_ohc=t8QlBKJlBF8AX9VbZhv&edm=ANg5bX4BAAAA&ccb=7-5&oh=00_AfCqueyVP31D2ETl-Gwy9BEQOj-54nfUeyimD4tlReQqfA&oe=656E310D&_nc_sid=0055be,https://www.instagram.com/theaatproject,0,,,,,,,,
406401658,empire_club,Empire Club of Canada,https://scontent-lga3-2.cdninstagram.com/v/t51.2885-19/275600888_122849183443763_1303387068739552994_n.jpg?stp=dst-jpg_s150x150&_nc_ht=scontent-lga3-2.cdninstagram.com&_nc_cat=111&_nc_ohc=DldNl6Bvd3MAX9gII4q&edm=ANg5bX4BAAAA&ccb=7-5&oh=00_AfC85b_qm5b2TMheQ4uw0CKX4Ba7Eml2gWQmZIqeuJgIOw&oe=6578C5F8&_nc_sid=0055be,https://www.instagram.com/empire_club,0,,,,,,,,
438767947,greenschoolsalliance,Green Schools Alliance,https://scontent-lga3-1.cdninstagram.com/v/t51.2885-19/120844494_107987424412662_5308209691034796431_n.jpg?stp=dst-jpg_s150x150&_nc_ht=scontent-lga3-1.cdninstagram.com&_nc_cat=106&_nc_ohc=GGTfvRbmhQEAX9ZE-nw&edm=ANg5bX4BAAAA&ccb=7-5&oh=00_AfDDu12XCRbafRmsbMi9c8MQh_8uH7d85rRUVgomRJT-6A&oe=656F4E4E&_nc_sid=0055be,https://www.instagram.com/greenschoolsalliance,0,,,,,,,,
439184959,marinagainstyouthabuse,MAYA,https://scontent-lga3-2.cdninstagram.com/v/t51.2885-19/14564928_1796369960651885_3252148201444081664_a.jpg?stp=dst-jpg_s150x150&_nc_ht=scontent-lga3-2.cdninstagram.com&_nc_cat=105&_nc_ohc=qqkK3AA6udgAX-_UX1n&edm=AOG-cTkBAAAA&ccb=7-5&oh=00_AfBfnjlMDoP88hvGDwc1FxxwPAfwYyR8nqDbfPMJpHYLOg&oe=656F18FA&_nc_sid=17ea04,https://www.instagram.com/marinagainstyouthabuse,1,,,,,,,,
441179639,blinknoworg,BlinkNow Foundation,https://scontent-lga3-1.cdninstagram.com/v/t51.2885-19/20583163_108200159867090_877758463374000128_a.jpg?stp=dst-jpg_s150x150&_nc_ht=scontent-lga3-1.cdninstagram.com&_nc_cat=102&_nc_ohc=NGmnqwmv4vsAX-yKOax&edm=ANg5bX4BAAAA&ccb=7-5&oh=00_AfDguP9uwqDgi2xI7urt6Atf_TcmRlN6LSnmLsKBJI76rw&oe=656DA0CD&_nc_sid=0055be,https://www.instagram.com/blinknoworg,1,,,,,,,,
470209693,_science_is_amazing,Cosmic Guy,https://scontent-lga3-2.cdninstagram.com/v/t51.2885-19/95511971_258276605218980_2001669808948510720_n.jpg?stp=dst-jpg_s150x150&_nc_ht=scontent-lga3-2.cdninstagram.com&_nc_cat=100&_nc_ohc=bP4_EnQHb2gAX8E33pA&edm=ANg5bX4BAAAA&ccb=7-5&oh=00_AfBiNK3pKwnMYPx6rB_xUd5PXiyygk-ybstpKfnz8SOsBA&oe=656E89C8&_nc_sid=0055be,https://www.instagram.com/_science_is_amazing,0,,,,,,,,
483310956,kidsindistress,Kids In Distress,https://scontent-lga3-1.cdninstagram.com/v/t51.2885-19/238172840_524672518746574_7185834861212252870_n.jpg?stp=dst-jpg_s150x150&_nc_ht=scontent-lga3-1.cdninstagram.com&_nc_cat=110&_nc_ohc=fnONMKVob-gAX9y1hWe&edm=ANg5bX4BAAAA&ccb=7-5&oh=00_AfBdIxI_373rQ0NF_lYbM9hXswIUcSGbNRsOqGvDu4Kyiw&oe=656E6D3E&_nc_sid=0055be,https://www.instagram.com/kidsindistress,0,,,,,,,,
491671283,stemdotorg,STEM.org | Educational Research,https://scontent-lga3-1.cdninstagram.com/v/t51.2885-19/121388682_634197984127250_8064121800452812537_n.jpg?stp=dst-jpg_s150x150&_nc_ht=scontent-lga3-1.cdninstagram.com&_nc_cat=102&_nc_ohc=U-DF-sMI-2IAX9gUzc4&edm=ANg5bX4BAAAA&ccb=7-5&oh=00_AfC_MQ3cgLE8rXkAwyyjYRNra3d5LsabE6-yoOqRqMTurQ&oe=65784BD1&_nc_sid=0055be,https://www.instagram.com/stemdotorg,0,,,,,,,,
510480630,unwomen,UN Women,https://scontent-lga3-2.cdninstagram.com/v/t51.2885-19/197437895_558574065552256_8259366109468394648_n.jpg?stp=dst-jpg_s150x150&_nc_ht=scontent-lga3-2.cdninstagram.com&_nc_cat=104&_nc_ohc=sqM79h4j0gwAX8nBwoZ&edm=ANg5bX4BAAAA&ccb=7-5&oh=00_AfDeRGQYKr1KzCFMq1Vfm1L7pMqlNlUo9BuUEVSIEsFjtQ&oe=6578BAED&_nc_sid=0055be,https://www.instagram.com/unwomen,0,,,,,,,,
527273402,tlyouthoftomorrow,Youth of Tomorrow,https://scontent-lga3-2.cdninstagram.com/v/t51.2885-19/273696504_1025020138050208_8488534352415442708_n.jpg?stp=dst-jpg_s150x150&_nc_ht=scontent-lga3-2.cdninstagram.com&_nc_cat=104&_nc_ohc=IbNyWgnNvIkAX8OBdHw&edm=AOG-cTkBAAAA&ccb=7-5&oh=00_AfC69GIYAzAkL6Xf7njoZ7oKtDulW4giWbfT_KQhRxpTsA&oe=656DC252&_nc_sid=17ea04,https://www.instagram.com/tlyouthoftomorrow,1,,,,,,,,
533872509,voicesofhope,VOICES OF HOPE,https://scontent-lga3-2.cdninstagram.com/v/t51.2885-19/306291730_171593662082061_3431586335014473339_n.jpg?stp=dst-jpg_s150x150&_nc_ht=scontent-lga3-2.cdninstagram.com&_nc_cat=109&_nc_ohc=Cv-V8pvkOD8AX8gNo8E&edm=ANg5bX4BAAAA&ccb=7-5&oh=00_AfD-XN60tysjEdDyKH0oiL4KlayCEwgA9HE1ap8XXf9X8g&oe=656EB06F&_nc_sid=0055be,https://www.instagram.com/voicesofhope,0,,,,,,,,
533975396,dykstrascience,Susie Dykstra,https://scontent-lga3-1.cdninstagram.com/v/t51.2885-19/401539295_149691094901703_5362649852456928811_n.jpg?stp=dst-jpg_s150x150&_nc_ht=scontent-lga3-1.cdninstagram.com&_nc_cat=103&_nc_ohc=HDIjrH_2kFUAX_nAsu1&edm=AOG-cTkBAAAA&ccb=7-5&oh=00_AfAXS9LNlTUATaJsvWet-twkiuTwe46vki7DusIDZzceYg&oe=656D952C&_nc_sid=17ea04,https://www.instagram.com/dykstrascience,0,,,,,,,,
536319549,rsdesignspark,RS DesignSpark,https://scontent-lga3-1.cdninstagram.com/v/t51.2885-19/315436889_167599099231446_5479583661890276458_n.jpg?stp=dst-jpg_s150x150&_nc_ht=scontent-lga3-1.cdninstagram.com&_nc_cat=106&_nc_ohc=tgw9WYtfYXsAX85hiRR&edm=ANg5bX4BAAAA&ccb=7-5&oh=00_AfA_VNsTOz7YtmhIgPWsvwwoOc6OB3eq6mfMaPNMGd5BEQ&oe=656D9856&_nc_sid=0055be,https://www.instagram.com/rsdesignspark,0,,,,,,,,
698812255,sowhatsocial,SO! What? SOcial.,https://scontent-lga3-2.cdninstagram.com/v/t51.2885-19/11375170_874840192570427_1295915648_a.jpg?_nc_ht=scontent-lga3-2.cdninstagram.com&_nc_cat=111&_nc_ohc=KcTvYEIgaq4AX9exQ4-&edm=ANg5bX4BAAAA&ccb=7-5&oh=00_AfDgkwA4bzSKdWHRCRWrf49-9ZXnHxo2dMqHYLBL_p6rJw&oe=656F0287&_nc_sid=0055be,https://www.instagram.com/sowhatsocial,0,,,,,,,,
737280752,enzoglobal,ENZO DI TARANTO,https://scontent-lga3-2.cdninstagram.com/v/t51.2885-19/94303578_232406047819029_4069389523350454272_n.jpg?stp=dst-jpg_s150x150&_nc_ht=scontent-lga3-2.cdninstagram.com&_nc_cat=109&_nc_ohc=oDvn_UqRy8oAX8sbYrR&edm=ANg5bX4BAAAA&ccb=7-5&oh=00_AfDOWAXXeTvzdy9Wp4LWhlaDlGCgeYmwVu0kPwTYT4nfAg&oe=656EA500&_nc_sid=0055be,https://www.instagram.com/enzoglobal,0,,,,,,,,
888623769,scientist.erica,Erica// Plant Biologist üåæüè≥Ô∏è‚Äçüåà,https://scontent-lga3-1.cdninstagram.com/v/t51.2885-19/355059190_254893627147882_1130111316883938512_n.jpg?stp=dst-jpg_s150x150&_nc_ht=scontent-lga3-1.cdninstagram.com&_nc_cat=110&_nc_ohc=SObKMYK8j2kAX8vgmBI&edm=ANg5bX4BAAAA&ccb=7-5&oh=00_AfBZkQ31tcCFXGuJcwA6XW3qZ5tcv670hHKbeSPoAmJT4A&oe=656D81E4&_nc_sid=0055be,https://www.instagram.com/scientist.erica,0,,,,,,,,
974226659,wellcomecollection,Wellcome Collection,https://scontent-lga3-2.cdninstagram.com/v/t51.2885-19/285516432_1897483973780412_1068209558733085889_n.jpg?stp=dst-jpg_s150x150&_nc_ht=scontent-lga3-2.cdninstagram.com&_nc_cat=100&_nc_ohc=4IzXSn8HUKUAX-YUfIa&edm=ANg5bX4BAAAA&ccb=7-5&oh=00_AfCRsHkHZ2jf9M2fxholkG9Ipl2q7OPelp575Ie1HsV_hw&oe=656F2F24&_nc_sid=0055be,https://www.instagram.com/wellcomecollection,0,,,,,,,,
982978210,transplantcommunityalliance,Transplant Community Alliance,https://scontent-lga3-1.cdninstagram.com/v/t51.2885-19/128219698_311408729932738_1505093728392839882_n.jpg?stp=dst-jpg_s150x150&_nc_ht=scontent-lga3-1.cdninstagram.com&_nc_cat=110&_nc_ohc=JEXIl2w9ZD0AX-vBUbr&edm=ANg5bX4BAAAA&ccb=7-5&oh=00_AfBQYhlsGbh-xxJea0K2dFTXYTM8Ktx4Qm8nXbamtJ6GjQ&oe=656DD304&_nc_sid=0055be,https://www.instagram.com/transplantcommunityalliance,0,,,,,,,,
1090108724,europeancommission,European Commission üá™üá∫,https://scontent-lga3-1.cdninstagram.com/v/t51.2885-19/405248428_351551914124212_915618959407928428_n.jpg?stp=dst-jpg_s150x150&_nc_ht=scontent-lga3-1.cdninstagram.com&_nc_cat=1&_nc_ohc=8YrTliDPV9IAX8jmXVH&edm=ANg5bX4BAAAA&ccb=7-5&oh=00_AfAH9GqqcsgT9RUyPMwODCd9kA5A0jD9x2YBcAZezHZXOA&oe=656ECFC7&_nc_sid=0055be,https://www.instagram.com/europeancommission,0,,,,,,,,
1104613733,aiesecglobal,AIESEC,https://scontent-lga3-1.cdninstagram.com/v/t51.2885-19/391543708_256986950664874_6331162094420652960_n.jpg?stp=dst-jpg_s150x150&_nc_ht=scontent-lga3-1.cdninstagram.com&_nc_cat=110&_nc_ohc=OjrUmrRvKkUAX99jWYu&edm=ANg5bX4BAAAA&ccb=7-5&oh=00_AfCdkIRu02nxyFsIv5jWDmPPJ4s8_kJRHgjcQ43TqMEOFA&oe=656DE326&_nc_sid=0055be,https://www.instagram.com/aiesecglobal,1,,,,,,,,
1112645048,plus_socialgood,Plus SocialGood,https://scontent-lga3-1.cdninstagram.com/v/t51.2885-19/151165594_3545400749019430_5327780742436054854_n.jpg?stp=dst-jpg_s150x150&_nc_ht=scontent-lga3-1.cdninstagram.com&_nc_cat=110&_nc_ohc=89wicUhPoP8AX8wVlPc&edm=ANg5bX4BAAAA&ccb=7-5&oh=00_AfALtoJFDHKIcoFg39VM1G-0MfkgY3zsNEM8UfHcQ32nBQ&oe=656EBBB0&_nc_sid=0055be,https://www.instagram.com/plus_socialgood,0,,,,,,,,
1114353431,camillecorleone,Camille Corleone,https://scontent-lga3-2.cdninstagram.com/v/t51.2885-19/354003603_251028680949685_3494117403891183058_n.jpg?stp=dst-jpg_s150x150&_nc_ht=scontent-lga3-2.cdninstagram.com&_nc_cat=101&_nc_ohc=ZVohF21UyZoAX_O5O6f&edm=AOG-cTkBAAAA&ccb=7-5&oh=00_AfCiPcPQAu5rCiexoWCunnqNEkKVBWxXYuSboYyqIM0EhA&oe=656E4FB0&_nc_sid=17ea04,https://www.instagram.com/camillecorleone,0,,,,,,,,
1157375094,arts4learningva,Arts for Learning Virginia,https://scontent-lga3-1.cdninstagram.com/v/t51.2885-19/1530626_800153100111483_1571212679_a.jpg?stp=dst-jpg_s150x150&_nc_ht=scontent-lga3-1.cdninstagram.com&_nc_cat=103&_nc_ohc=w1xYhZURGR0AX8fgneH&edm=ANg5bX4BAAAA&ccb=7-5&oh=00_AfABk7IeSib7bcyUX30ueR8v8HyzYo0DQrDWPysl9F_0iQ&oe=657851BA&_nc_sid=0055be,https://www.instagram.com/arts4learningva,0,,,,,,,,
1174852131,ri_science,Royal Institution,https://scontent-lga3-2.cdninstagram.com/v/t51.2885-19/10643876_303300779853211_724060042_a.jpg?_nc_ht=scontent-lga3-2.cdninstagram.com&_nc_cat=107&_nc_ohc=1tRjRmydt18AX_HF3rk&edm=ANg5bX4BAAAA&ccb=7-5&oh=00_AfCEiQG7yFjtP-t-NnMtCiPsjJowWN7oHBFVmIRM3otwWA&oe=656DED8C&_nc_sid=0055be,https://www.instagram.com/ri_science,0,,,,,,,,
1186309882,globalshaperscommunity,Global Shapers,https://scontent-lga3-1.cdninstagram.com/v/t51.2885-19/20590034_179917225883792_5219669648840065024_a.jpg?stp=dst-jpg_s150x150&_nc_ht=scontent-lga3-1.cdninstagram.com&_nc_cat=108&_nc_ohc=zXmJJ17L7WAAX-BV-cD&edm=ANg5bX4BAAAA&ccb=7-5&oh=00_AfCzfa_SN8vUh0TpFLE1VASSfaykw_Rj9GiXv96KKBcpmQ&oe=656D712D&_nc_sid=0055be,https://www.instagram.com/globalshaperscommunity,0,,,,,,,,
1199865257,plantbasednews,Plant Based News,https://scontent-lga3-2.cdninstagram.com/v/t51.2885-19/403899139_345457794762099_1196248391898612915_n.jpg?stp=dst-jpg_s150x150&_nc_ht=scontent-lga3-2.cdninstagram.com&_nc_cat=1&_nc_ohc=Vckse79Eu3gAX9PhnDn&edm=ANg5bX4BAAAA&ccb=7-5&oh=00_AfA3qirKF26lCZ22R_Z3SI4kgnMVsdg2L4hTr3XaHthsSw&oe=656D77AF&_nc_sid=0055be,https://www.instagram.com/plantbasednews,0,,,,,,,,
1199889538,thephysicsgirl,Dianna Cowern,https://scontent-lga3-2.cdninstagram.com/v/t51.2885-19/151203509_1197738033975736_8523399809394277720_n.jpg?stp=dst-jpg_s150x150&_nc_ht=scontent-lga3-2.cdninstagram.com&_nc_cat=104&_nc_ohc=GHGcuKfRpJ8AX-ZlBTh&edm=ANg5bX4BAAAA&ccb=7-5&oh=00_AfDleocViYLdm4P3Fj9ouquHn8clM19bZPoeBAFsg8s-5Q&oe=656EAD2C&_nc_sid=0055be,https://www.instagram.com/thephysicsgirl,0,,,,,,,,
1260020632,studentaces,Student ACES,https://scontent-lga3-1.cdninstagram.com/v/t51.2885-19/14334442_189898684753014_112220494647787520_a.jpg?stp=dst-jpg_s150x150&_nc_ht=scontent-lga3-1.cdninstagram.com&_nc_cat=106&_nc_ohc=zz972EzjZlwAX91QCOE&edm=ANg5bX4BAAAA&ccb=7-5&oh=00_AfBPaN39ZG3LrlvZPh8_tc852Fae5w5lBds-SaSvSGAcWg&oe=656DA39F&_nc_sid=0055be,https://www.instagram.com/studentaces,0,,,,,,,,
1298759443,gingerlilly_designs,Gingerlilly Designs Ltd,https://scontent-lga3-1.cdninstagram.com/v/t51.2885-19/65596144_617676938742874_363988818954551296_n.jpg?stp=dst-jpg_s150x150&_nc_ht=scontent-lga3-1.cdninstagram.com&_nc_cat=110&_nc_ohc=c-BcYq0Od-IAX_sgEGU&edm=ANg5bX4BAAAA&ccb=7-5&oh=00_AfAqH7G5l6e5dw0oWfWUR8XxnBvxRo4w_gRd_w__VchL-A&oe=656F2EE8&_nc_sid=0055be,https://www.instagram.com/gingerlilly_designs,0,,,,,,,,
1309599518,sdsnyouth,SDSN Youth,https://scontent-lga3-2.cdninstagram.com/v/t51.2885-19/11240421_1592361234377023_832424630_a.jpg?_nc_ht=scontent-lga3-2.cdninstagram.com&_nc_cat=107&_nc_ohc=OduMph3z2fAAX_3nMFt&edm=ANg5bX4BAAAA&ccb=7-5&oh=00_AfAZ8iUalBCFLjVgchbo0yvr4eN7w6FxH-J1btITvlJjYQ&oe=656EBC68&_nc_sid=0055be,https://www.instagram.com/sdsnyouth,0,,,,,,,,
1360916305,imperialcollege,Imperial College London,https://scontent-lga3-1.cdninstagram.com/v/t51.2885-19/356796491_624177553010830_7614198216145856721_n.jpg?stp=dst-jpg_s150x150&_nc_ht=scontent-lga3-1.cdninstagram.com&_nc_cat=1&_nc_ohc=yvbwz4pH97YAX_XwPCi&edm=ANg5bX4BAAAA&ccb=7-5&oh=00_AfDOOmhTvjkuQsbUm6An8l5Sslj57BjendDIqPZx-LMlMA&oe=656DE1C6&_nc_sid=0055be,https://www.instagram.com/imperialcollege,0,,,,,,,,
1361427627,ecowatch,EcoWatch,https://scontent-lga3-1.cdninstagram.com/v/t51.2885-19/277402197_2218390431653430_40140457422502621_n.jpg?stp=dst-jpg_s150x150&_nc_ht=scontent-lga3-1.cdninstagram.com&_nc_cat=106&_nc_ohc=lnC6HsOi2OEAX_qy6Sc&edm=ANg5bX4BAAAA&ccb=7-5&oh=00_AfCCbw8Ugus5jfSaM9LmienTfjHqcjaykfEOmpHwGJK5Og&oe=656EAFD6&_nc_sid=0055be,https://www.instagram.com/ecowatch,0,,,,,,,,
1370265215,biomimicryinstitute,Biomimicry Institute,https://scontent-lga3-2.cdninstagram.com/v/t51.2885-19/10963800_1545242165726676_124347832_a.jpg?_nc_ht=scontent-lga3-2.cdninstagram.com&_nc_cat=100&_nc_ohc=rtOoR1N70NAAX-dhqp7&edm=ANg5bX4BAAAA&ccb=7-5&oh=00_AfCbWVDCodp0rb7OD8AW96uqj_x7wue0EM-J8T5e-Nu6Hw&oe=656F120D&_nc_sid=0055be,https://www.instagram.com/biomimicryinstitute,0,,,,,,,,
1373647815,funweirdscience,Fun Weird Science,https://scontent-lga3-1.cdninstagram.com/v/t51.2885-19/392761817_3591009171219908_6992558081059325281_n.jpg?stp=dst-jpg_s150x150&_nc_ht=scontent-lga3-1.cdninstagram.com&_nc_cat=108&_nc_ohc=XzGQb_oHcNUAX8DDMg5&edm=ANg5bX4BAAAA&ccb=7-5&oh=00_AfARpSPiJo8XPmRw-PjAqE485xvzvSnwAHQj99jnFFHn8Q&oe=656F3850&_nc_sid=0055be,https://www.instagram.com/funweirdscience,0,,,,,,,,
1386319462,theuniversityofsheffield,The University of Sheffield,https://scontent-lga3-1.cdninstagram.com/v/t51.2885-19/313744228_660437959124414_3047702039941232551_n.jpg?stp=dst-jpg_s150x150&_nc_ht=scontent-lga3-1.cdninstagram.com&_nc_cat=102&_nc_ohc=7t51A8_xIP0AX_IVo1I&edm=ANg5bX4BAAAA&ccb=7-5&oh=00_AfAYkD4PgvY_qKhybzxNdpkR6fSOMy8vFvA-Z79cq55Ntg&oe=656E319D&_nc_sid=0055be,https://www.instagram.com/theuniversityofsheffield,0,,,,,,,,
1394725382,thefairnyc,The Terra NYC STEM Fair,https://scontent-lga3-1.cdninstagram.com/v/t51.2885-19/310291983_4792058517563264_4425206697792316041_n.jpg?stp=dst-jpg_s150x150&_nc_ht=scontent-lga3-1.cdninstagram.com&_nc_cat=108&_nc_ohc=3f7Du45lfmUAX_EH6qN&edm=ANg5bX4BAAAA&ccb=7-5&oh=00_AfDzZ7L0HYyA9dbuquG3GoGRCQ1lpmWLPE5XwSWc7pzcdw&oe=656E3602&_nc_sid=0055be,https://www.instagram.com/thefairnyc,1,,,,,,,,
1417246682,goodworkfoundation,Good Work Foundation,https://scontent-lga3-1.cdninstagram.com/v/t51.2885-19/66419254_489424048490708_8137437045514567680_n.jpg?stp=dst-jpg_s150x150&_nc_ht=scontent-lga3-1.cdninstagram.com&_nc_cat=108&_nc_ohc=_l3I9GTDvocAX9mIMEw&edm=ANg5bX4BAAAA&ccb=7-5&oh=00_AfD7mU_PTDSlC6WPvd8e38ws1chS3fvrAnOAQivoXCg5gQ&oe=656DE480&_nc_sid=0055be,https://www.instagram.com/goodworkfoundation,0,,,,,,,,
1426162051,coolearthaction,Cool Earth,https://scontent-lga3-2.cdninstagram.com/v/t51.2885-19/261789212_488035176271325_1162854759781063021_n.jpg?stp=dst-jpg_s150x150&_nc_ht=scontent-lga3-2.cdninstagram.com&_nc_cat=105&_nc_ohc=0_a8EfB5FEUAX9iGELE&edm=ANg5bX4BAAAA&ccb=7-5&oh=00_AfAIrWCYKDvm-O_ZRbA1yUsgHjYgcmBScbAr-8wc4h-rkQ&oe=656E09CB&_nc_sid=0055be,https://www.instagram.com/coolearthaction,0,,,,,,,,
1427806768,yci_org,Youth Challenge International,https://scontent-lga3-1.cdninstagram.com/v/t51.2885-19/257975425_126851983093580_2435275058114952806_n.jpg?stp=dst-jpg_s150x150&_nc_ht=scontent-lga3-1.cdninstagram.com&_nc_cat=108&_nc_ohc=u9_tNoGwafwAX9siMIE&edm=ANg5bX4BAAAA&ccb=7-5&oh=00_AfBOH1eZjgMh2f6hC90O2-Uq8zy71jrDbe5brMRTMI320A&oe=656EE918&_nc_sid=0055be,https://www.instagram.com/yci_org,1,,,,,,,,
1432476622,science_tech,üåô‚ú®üåö,https://scontent-lga3-2.cdninstagram.com/v/t51.2885-19/10517995_763405010346553_2012074480_a.jpg?_nc_ht=scontent-lga3-2.cdninstagram.com&_nc_cat=101&_nc_ohc=FrKwm9Aec58AX8fVd7C&edm=ANg5bX4BAAAA&ccb=7-5&oh=00_AfA1zkKV6YXPsWNTR68M1H8fgGzs5eyezMPFHe-SRnLNPA&oe=656DCA8E&_nc_sid=0055be,https://www.instagram.com/science_tech,0,,,,,,,,
1433172780,theworldwithmnr,Maryam & Nivaal ‚Ä¢ ŸÖÿ±€åŸÖ ÿßŸàÿ± ŸÜŸàÿßŸÑ üáµüá∞,https://scontent-lga3-1.cdninstagram.com/v/t51.2885-19/403205233_276005048760776_1502527704924737372_n.jpg?stp=dst-jpg_s150x150&_nc_ht=scontent-lga3-1.cdninstagram.com&_nc_cat=108&_nc_ohc=2FH_cUFsRPcAX9m-REr&edm=ANg5bX4BAAAA&ccb=7-5&oh=00_AfAkroqZZa5tXX-QhDicjATW6LCTix6RkWxcgGYjaU85qg&oe=656D9694&_nc_sid=0055be,https://www.instagram.com/theworldwithmnr,0,,,,,,,,
1459163905,alueducation,African Leadership University,https://scontent-lga3-2.cdninstagram.com/v/t51.2885-19/395823675_1548523522641357_5724084808020637766_n.jpg?stp=dst-jpg_s150x150&_nc_ht=scontent-lga3-2.cdninstagram.com&_nc_cat=109&_nc_ohc=4KIKFCkRrw0AX8Legwo&edm=ANg5bX4BAAAA&ccb=7-5&oh=00_AfCcAU49VvKRXTJuIWemD8tZONiBjsGWNcnY5awsSIt2Gg&oe=656EB50B&_nc_sid=0055be,https://www.instagram.com/alueducation,0,,,,,,,,
1464602381,stclairbutterflyfoundation,St. Clair Butterfly Foundation,https://scontent-lga3-1.cdninstagram.com/v/t51.2885-19/364267324_826384885415998_1873189665713770180_n.jpg?stp=dst-jpg_s150x150&_nc_ht=scontent-lga3-1.cdninstagram.com&_nc_cat=110&_nc_ohc=CS1YpPwSbngAX_0dADj&edm=ANg5bX4BAAAA&ccb=7-5&oh=00_AfAHeOTZMHACD0C1KIFRGH0pusnQ9yEIjmopGTWKlSvIUg&oe=656E792E&_nc_sid=0055be,https://www.instagram.com/stclairbutterflyfoundation,1,,,,,,,,
1471206985,citycollegenorwich,City College Norwich,https://scontent-lga3-2.cdninstagram.com/v/t51.2885-19/53123385_274721866747629_8154470348939591680_n.jpg?stp=dst-jpg_s150x150&_nc_ht=scontent-lga3-2.cdninstagram.com&_nc_cat=109&_nc_ohc=GqZI1vAEWZIAX8wSEC7&edm=ANg5bX4BAAAA&ccb=7-5&oh=00_AfAsrdqL3TJyuLMIbk_PNX9UCRgK9SwhpGDxoltqPbKLAQ&oe=656EC0F8&_nc_sid=0055be,https://www.instagram.com/citycollegenorwich,0,,,,,,,,
1485919133,builtbygirls,BUILT BY GIRLS,https://scontent-lga3-2.cdninstagram.com/v/t51.2885-19/66469928_2448300765230760_1363343823727493120_n.jpg?stp=dst-jpg_s150x150&_nc_ht=scontent-lga3-2.cdninstagram.com&_nc_cat=100&_nc_ohc=h1HV2CJYnUoAX-UHNXE&edm=ANg5bX4BAAAA&ccb=7-5&oh=00_AfCarqFi7UzEMUA3avQX5Pvcf8wQS_norMvnvWXHlGJyRQ&oe=656F16A8&_nc_sid=0055be,https://www.instagram.com/builtbygirls,0,,,,,,,,
1491772362,embleyschool,Embley,https://scontent-lga3-1.cdninstagram.com/v/t51.2885-19/307824077_1156892841924764_316471058728650519_n.jpg?stp=dst-jpg_s150x150&_nc_ht=scontent-lga3-1.cdninstagram.com&_nc_cat=108&_nc_ohc=EWBzUqroGbAAX9rW7lf&edm=ANg5bX4BAAAA&ccb=7-5&oh=00_AfCh9F-vCxsyNbGznjwupixpUhD6vdfwPe_UZmIWySwMBw&oe=656E56B4&_nc_sid=0055be,https://www.instagram.com/embleyschool,0,,,,,,,,
1505799610,voicesglobalcollective,VOICES Canada,https://scontent-lga3-1.cdninstagram.com/v/t51.2885-19/231280948_296442835590682_5187037287714502219_n.jpg?stp=dst-jpg_s150x150&_nc_ht=scontent-lga3-1.cdninstagram.com&_nc_cat=110&_nc_ohc=4UQZ5QY4yUcAX_Gb-b-&edm=ANg5bX4BAAAA&ccb=7-5&oh=00_AfC90TBMvwUW8x6I-sVpLiB5EOCAAYkrUseVh7Iuzrv7wQ&oe=656D3D73&_nc_sid=0055be,https://www.instagram.com/voicesglobalcollective,0,,,,,,,,
1508204760,newscientist,New Scientist,https://scontent-lga3-1.cdninstagram.com/v/t51.2885-19/26871875_1973601476292042_5415033537743028224_n.jpg?stp=dst-jpg_s150x150&_nc_ht=scontent-lga3-1.cdninstagram.com&_nc_cat=1&_nc_ohc=fDirPBKUdV8AX-Z4Uur&edm=ANg5bX4BAAAA&ccb=7-5&oh=00_AfDYk4FHcxVAVhmtF3SB59alXeRNgUa0XfjeAgog6nKLJg&oe=656E1A48&_nc_sid=0055be,https://www.instagram.com/newscientist,0,,,,,,,,
1513684241,motivez_uk,Motivez,https://scontent-lga3-1.cdninstagram.com/v/t51.2885-19/307591919_485817476736999_6068169361041536805_n.jpg?stp=dst-jpg_s150x150&_nc_ht=scontent-lga3-1.cdninstagram.com&_nc_cat=103&_nc_ohc=5x3qf0uwMycAX-oe-nW&edm=ANg5bX4BAAAA&ccb=7-5&oh=00_AfA5J-UyvWd84XNMGU-XJxux-J9sYWn5T5j2gR5AsBKbjQ&oe=656F51C8&_nc_sid=0055be,https://www.instagram.com/motivez_uk,1,,,,,,,,
1515635491,uclengineering,UCL Engineering,https://scontent-lga3-2.cdninstagram.com/v/t51.2885-19/84234589_1018521558527172_3999933674471555072_n.jpg?stp=dst-jpg_s150x150&_nc_ht=scontent-lga3-2.cdninstagram.com&_nc_cat=100&_nc_ohc=14xN4Kddi6kAX9xCBH3&edm=ANg5bX4BAAAA&ccb=7-5&oh=00_AfCIy-FA7dgcLlsnqMv37H7aygeVE30fQ9so0CzM2nRjAA&oe=656E52A0&_nc_sid=0055be,https://www.instagram.com/uclengineering,0,,,,,,,,
1516755280,heart4ryou,Heart4You,https://scontent-lga3-2.cdninstagram.com/v/t51.2885-19/274475485_4660246600769665_5034277650919587809_n.jpg?stp=dst-jpg_s150x150&_nc_ht=scontent-lga3-2.cdninstagram.com&_nc_cat=101&_nc_ohc=vSxB8XjGqZ4AX_6DbbL&edm=ANg5bX4BAAAA&ccb=7-5&oh=00_AfDrw-ZdozCXkqqgL03AL8aorzxiQJlegQl6dxXpepfvgQ&oe=656E275C&_nc_sid=0055be,https://www.instagram.com/heart4ryou,0,,,,,,,,
1528263552,sciencefactsnet,Science Facts,https://scontent-lga3-2.cdninstagram.com/v/t51.2885-19/10727712_1485414691712537_862947349_a.jpg?_nc_ht=scontent-lga3-2.cdninstagram.com&_nc_cat=105&_nc_ohc=U_19RzrIsRcAX-MbNFY&edm=ANg5bX4BAAAA&ccb=7-5&oh=00_AfBJ2cDLO3FqNguVn6I2hy570kB1VyLwoQFil1J825feGw&oe=656D9CBF&_nc_sid=0055be,https://www.instagram.com/sciencefactsnet,0,,,,,,,,
1543892114,ldntechweek,London Tech Week,https://scontent-lga3-2.cdninstagram.com/v/t51.2885-19/319555123_198609422660208_6990787855920797542_n.jpg?stp=dst-jpg_s150x150&_nc_ht=scontent-lga3-2.cdninstagram.com&_nc_cat=100&_nc_ohc=tNxDf3NNe34AX-IlVrZ&edm=ANg5bX4BAAAA&ccb=7-5&oh=00_AfCqtExxJbywQpOdyJpJnpTcSQqj8clj31De1ma7jKVsjg&oe=656DE9AB&_nc_sid=0055be,https://www.instagram.com/ldntechweek,0,,,,,,,,
1574776017,joscervicalcancertrust,Jo's Cervical Cancer Trust,https://scontent-lga3-1.cdninstagram.com/v/t51.2885-19/258883692_280977787136787_8106646819471624700_n.jpg?stp=dst-jpg_s150x150&_nc_ht=scontent-lga3-1.cdninstagram.com&_nc_cat=103&_nc_ohc=Hc9er-Yy_NsAX-NBKGv&edm=ANg5bX4BAAAA&ccb=7-5&oh=00_AfA2_4SQfc3TtK4u2ozrrQ29s5jb3B8X5fxW9Pff0L-VMw&oe=65797D17&_nc_sid=0055be,https://www.instagram.com/joscervicalcancertrust,0,,,,,,,,
1582491919,thecharlottepost,The Charlotte Post,https://scontent-lga3-1.cdninstagram.com/v/t51.2885-19/32923937_2093537994240375_2342760727023976448_n.jpg?stp=dst-jpg_s150x150&_nc_ht=scontent-lga3-1.cdninstagram.com&_nc_cat=103&_nc_ohc=LT3IPui03mgAX-rjVWV&edm=ANg5bX4BAAAA&ccb=7-5&oh=00_AfDnjiMEW0cJea65_S0FXkzc_4dZHbQ3zOA6UNp8A2xAMg&oe=656D2FC8&_nc_sid=0055be,https://www.instagram.com/thecharlottepost,0,,,,,,,,
1644732586,inkmovementmississauga,Ink Movement Mississauga,https://scontent-lga3-1.cdninstagram.com/v/t51.2885-19/10890856_594184314046078_1266121861_a.jpg?_nc_ht=scontent-lga3-1.cdninstagram.com&_nc_cat=110&_nc_ohc=bRaBQ-1fDdQAX8MngNB&edm=ANg5bX4BAAAA&ccb=7-5&oh=00_AfBVWzmhdHnQN2VTdHFa0le0P1mxDb9ZZCREvdjkx4haoQ&oe=656D9EB2&_nc_sid=0055be,https://www.instagram.com/inkmovementmississauga,0,,,,,,,,
1644732586,inkmovementmississauga,Ink Movement Mississauga,https://scontent-lga3-1.cdninstagram.com/v/t51.2885-19/10890856_594184314046078_1266121861_a.jpg?_nc_ht=scontent-lga3-1.cdninstagram.com&_nc_cat=110&_nc_ohc=bRaBQ-1fDdQAX_VayJi&edm=ANg5bX4BAAAA&ccb=7-5&oh=00_AfDdlDCfDLEWzzbbuJ4e-QyBxoEKuE7S9iropLNcFh5ohg&oe=656D9EB2&_nc_sid=0055be,https://www.instagram.com/inkmovementmississauga,0,,,,,,,,
1650919145,girlscoutsgcnwi,Girl Scouts of Greater Chicago and Northwest Indiana,https://scontent-lga3-2.cdninstagram.com/v/t51.2885-19/182810243_1242879422833245_5527810525599272773_n.jpg?stp=dst-jpg_s150x150&_nc_ht=scontent-lga3-2.cdninstagram.com&_nc_cat=109&_nc_ohc=ZTg9OyLdlnAAX9mo2wu&edm=AOG-cTkBAAAA&ccb=7-5&oh=00_AfCbd-b6OEKtSFrqgmuBPBgpDJmxp1w0ZA4lIF4zmfvk1g&oe=656F0AC6&_nc_sid=17ea04,https://www.instagram.com/girlscoutsgcnwi,0,,,,,,,,
1693011610,westsuffolkcollege,West Suffolk College,https://scontent-lga3-1.cdninstagram.com/v/t51.2885-19/307593292_5479997802083420_1350970028457196079_n.jpg?stp=dst-jpg_s150x150&_nc_ht=scontent-lga3-1.cdninstagram.com&_nc_cat=108&_nc_ohc=9mtmSKfldMsAX-pQnWE&edm=ANg5bX4BAAAA&ccb=7-5&oh=00_AfBb4CbkCoiD86JwUpkNd6UxLVt6qNuuCzB0-sY0q1vR2g&oe=656F0174&_nc_sid=0055be,https://www.instagram.com/westsuffolkcollege,0,,,,,,,,
1694635946,grandmashouseofhope,Grandma's House of Hope üíú,https://scontent-lga3-2.cdninstagram.com/v/t51.2885-19/294480340_185293863857203_5017203141277837294_n.jpg?stp=dst-jpg_s150x150&_nc_ht=scontent-lga3-2.cdninstagram.com&_nc_cat=107&_nc_ohc=05fUMK18BAsAX97nS6E&edm=AOG-cTkBAAAA&ccb=7-5&oh=00_AfDajKBgQchBsxsTN_q7HEOjiEOzad97gpnn2aRHC0ecWA&oe=656E2794&_nc_sid=17ea04,https://www.instagram.com/grandmashouseofhope,1,,,,,,,,
1701759186,theworldslesson,World's Largest Lesson,https://scontent-lga3-2.cdninstagram.com/v/t51.2885-19/57049705_331813317409867_859266713609306112_n.jpg?stp=dst-jpg_s150x150&_nc_ht=scontent-lga3-2.cdninstagram.com&_nc_cat=107&_nc_ohc=l1ugzIJ8MbkAX-imy9u&edm=ANg5bX4BAAAA&ccb=7-5&oh=00_AfDxCPJo_BF07Tyhiq_KPxWZXogJ5HxAdwmAKzpCaxHEew&oe=656D8050&_nc_sid=0055be,https://www.instagram.com/theworldslesson,0,,,,,,,,
1702390126,baesystems,BAE Systems,https://scontent-lga3-2.cdninstagram.com/v/t51.2885-19/308073097_5453944991348809_4674245924781350072_n.jpg?stp=dst-jpg_s150x150&_nc_ht=scontent-lga3-2.cdninstagram.com&_nc_cat=101&_nc_ohc=ajXyo5iikz0AX_FM5ro&edm=ANg5bX4BAAAA&ccb=7-5&oh=00_AfD067z2Xs2HKzINhGVBYjF3mYAFcQoAe8YzeNA7FBl4RA&oe=656E8F2C&_nc_sid=0055be,https://www.instagram.com/baesystems,0,,,,,,,,
1712880785,physics_oxford,Department of Physics,https://scontent-lga3-2.cdninstagram.com/v/t51.2885-19/107275298_705829233326328_8340302106917185988_n.jpg?stp=dst-jpg_s150x150&_nc_ht=scontent-lga3-2.cdninstagram.com&_nc_cat=100&_nc_ohc=TJDkC9LyzEUAX8WZid9&edm=ANg5bX4BAAAA&ccb=7-5&oh=00_AfAs7LEIvh3ej5ZzuIoKAXecIqnko_G5wWI-Vl5UxvIqWA&oe=656F1CCC&_nc_sid=0055be,https://www.instagram.com/physics_oxford,0,,,,,,,,
1721089817,g.a.b.girls,Girls Against Bullying,https://scontent-lga3-1.cdninstagram.com/v/t51.2885-19/167370663_272864077827902_8084958793480756201_n.jpg?stp=dst-jpg_s150x150&_nc_ht=scontent-lga3-1.cdninstagram.com&_nc_cat=102&_nc_ohc=kV3lrOAI5awAX8WytUM&edm=AOG-cTkBAAAA&ccb=7-5&oh=00_AfCVYryanIBGjw4zY3KeMV-dF9p1ZUUt6NQ8q6k7sj6RFw&oe=656F22CD&_nc_sid=17ea04,https://www.instagram.com/g.a.b.girls,0,,,,,,,,
1732717114,stansw_youngscientist,STANSW Young Scientist Awards,https://scontent-lga3-1.cdninstagram.com/v/t51.2885-19/124402426_823899048433266_7658305284493137246_n.jpg?stp=dst-jpg_s150x150&_nc_ht=scontent-lga3-1.cdninstagram.com&_nc_cat=106&_nc_ohc=omfpDHf3QigAX_eqpCy&edm=ANg5bX4BAAAA&ccb=7-5&oh=00_AfBqEZqGjmZRq6J3mNwnTPUlKu4gU_zaUOff43g-vKQ0zw&oe=656E9CD7&_nc_sid=0055be,https://www.instagram.com/stansw_youngscientist,1,,,,,,,,
1736625824,npldigital,National Physical Laboratory,https://scontent-lga3-2.cdninstagram.com/v/t51.2885-19/318177655_482447307211547_7339820502712725595_n.jpg?stp=dst-jpg_s150x150&_nc_ht=scontent-lga3-2.cdninstagram.com&_nc_cat=111&_nc_ohc=d7H-r_7a04gAX_zb1pB&edm=ANg5bX4BAAAA&ccb=7-5&oh=00_AfDiHZ3aja3--h1OhtCMtx0CbrVqUnFCB0Cfki-iP__aog&oe=656EBCA6&_nc_sid=0055be,https://www.instagram.com/npldigital,0,,,,,,,,
1736711581,britishscienceassociation,British Science Association,https://scontent-lga3-1.cdninstagram.com/v/t51.2885-19/308231529_3239191986409184_7887553471951810672_n.jpg?stp=dst-jpg_s150x150&_nc_ht=scontent-lga3-1.cdninstagram.com&_nc_cat=108&_nc_ohc=NRuXsCBsNkAAX-MXj-q&edm=ANg5bX4BAAAA&ccb=7-5&oh=00_AfCRys8dnjjmw4Pn5DElwrhmNwc3EPjT_B9j6tPPwSHTPA&oe=656EA9D1&_nc_sid=0055be,https://www.instagram.com/britishscienceassociation,0,,,,,,,,
1744033147,katiefightsmentalhealth,Katie üòä,https://scontent-lga3-2.cdninstagram.com/v/t51.2885-19/67698055_409158883044933_5817633666012020736_n.jpg?stp=dst-jpg_s150x150&_nc_ht=scontent-lga3-2.cdninstagram.com&_nc_cat=109&_nc_ohc=Tk-EcecNWaAAX9Gtluw&edm=ANg5bX4BAAAA&ccb=7-5&oh=00_AfCecZefZc1PdMrvsS2gDdySfhu-glrWp5JFjSelZq6_0g&oe=6577C493&_nc_sid=0055be,https://www.instagram.com/katiefightsmentalhealth,0,,,,,,,,
1744604482,behind_the_bite_podcast,Cristina Castagnini,https://scontent-lga3-1.cdninstagram.com/v/t51.2885-19/279936835_483463053576663_1097345261108988976_n.jpg?stp=dst-jpg_s150x150&_nc_ht=scontent-lga3-1.cdninstagram.com&_nc_cat=103&_nc_ohc=wOrp_4t08VEAX-Wt-BH&edm=ANg5bX4BAAAA&ccb=7-5&oh=00_AfAaa8whBxWFDid6-Tvv2PxljVajW-XASPJRAQZ7_jO1-Q&oe=6577C954&_nc_sid=0055be,https://www.instagram.com/behind_the_bite_podcast,0,,,,,,,,
1793081099,bumblebeeconservationtrust,Bumblebee Conservation Trust,https://scontent-lga3-2.cdninstagram.com/v/t51.2885-19/42147397_2221902288065508_8259658534719848448_n.jpg?stp=dst-jpg_s150x150&_nc_ht=scontent-lga3-2.cdninstagram.com&_nc_cat=100&_nc_ohc=5QXidTxeGScAX_E4VO6&edm=ANg5bX4BAAAA&ccb=7-5&oh=00_AfBFVAr3DEV8-qoJu1Wtd1AQIZYcUVycxDHuYf_ImA4IPw&oe=656E6142&_nc_sid=0055be,https://www.instagram.com/bumblebeeconservationtrust,1,,,,,,,,